"Sample.ID","TA","Mass"
"20200917_GSO",1789.543048,60.66
"20200917_tank",2065.226471,60.378
"20200917_carboy",1294.857561,59.753
"20200917_CRM1",2219.681205,60.99
"20200917_CRM2",2209.2412,59.894
NA,NA,NA
NA,NA,NA
NA,NA,NA
