"Sample.ID","TA","Mass"
"20200917_GSO",1789.54304814064,60.66
"20200917_tank",2065.22647131778,60.378
"20200917_carboy",1294.85756133438,59.753
